Day,Month,Round,Home,Away,Venue,Predicted winner,Predicted margin,Likelihood of win
14,5,10,BRS,GEE,Gabba,BRS,10,0.6187246846016053
15,5,10,SYD,COL,SCG,SYD,16,0.6847596698912369
15,5,10,GCS,PTA,TIO Stadium,GCS,27,0.7847761669359379
16,5,10,ADL,NTH,Adelaide Oval,ADL,35,0.8425318833323707
16,5,10,MEL,HAW,MCG,HAW,21,0.7181683919573725
16,5,10,CAR,WBD,Marvel Stadium,WBD,27,0.7696142005091466
17,5,10,ESS,FRE,MCG,FRE,37,0.8528822560890812
17,5,10,STK,RCH,Marvel Stadium,STK,30,0.8168507237578104
17,5,10,WCE,GWS,Optus Stadium,GWS,31,0.8174994546692484
