Day,Month,Round,Home,Away,Venue,Predicted winner,Predicted margin,Likelihood of win
14,5,10,BRS,GEE,Gabba,BRS,9,0.6044255003056713
15,5,10,SYD,COL,SCG,SYD,19,0.7096703767927912
15,5,10,GCS,PTA,TIO Stadium,GCS,31,0.8132596212941692
16,5,10,ADL,NTH,Adelaide Oval,ADL,36,0.8494396628219588
16,5,10,MEL,HAW,MCG,HAW,17,0.6819573490051632
16,5,10,CAR,WBD,Marvel Stadium,WBD,28,0.7846333250554841
17,5,10,ESS,FRE,MCG,FRE,41,0.877616924392459
17,5,10,STK,RCH,Marvel Stadium,STK,28,0.8050683887295147
17,5,10,WCE,GWS,Optus Stadium,GWS,32,0.828786726252441
